{"9DAbMIcBL6l5nrWGHfndhA==":"mbr-1920x1080.jpg","m+RhuIEqql1mOX7eqFlLFQ==":"mbr-1920x1275.jpg","UAc7kepzJPkrSn4uqTRvmw==":"background4.jpg","1hhc1pVA2FZ8AiRqHx7ZBg==":"mbr-1920x1246.jpg","zcRo9LCtIxiCJyPpMVy+vw==":"mbr-1920x1246.jpeg","kD4yUxm0zKiLzyD0VlKzKA==":"logo2.png","Yde8FgDbcAl+FPgBPrdUgw==":"logo2-1.png","s5j3pYGsqDigf8eRQXJxSA==":"becs%20cover-836x581.jpg","4B5rfSivinXMXheocBoPJw==":"becs%20cover-836x581.jpeg","eP9vFbu4w8Xm4vHyIdlsSg==":"becs%20cover-836x581.jpeg","kCTf0irjr9wMgK/PrQINeQ==":"mbr-1920x1357.jpg","UUveUjRfkQilqI6NQoj9WQ==":"mbr-1920x1280.jpg","ONJ/ZAS1KJQHkLj7D1grzQ==":"mbr-1-1920x1357.jpg","n9qMVsc7sJaRKUpE24t2xQ==":"mbr-2-1920x1357.jpg","oHH+BWduXt8JkloyX8qo7Q==":"mbr-2-1920x1357.jpeg","1/9AZvky+764qTeerUlwEA==":"mbr-1920x1279.jpg","qJaQi7S8o+aqlz/4QES2jQ==":"logo2-2.png","RiKN/CmyPTd9wG5XWxtOuw==":"vertical_comillas_bn_negativo_fondo-384x272.jpg","t9bZ+e4KuJ2UsSYBfl1iVA==":"vertical_comillas_bn_negativo_fondo-384x272.jpeg","vyUm9l086cfyIIgQaK5xsg==":"horizontal_comillas_bn_negativo_fondo-272x193.jpeg"}